<?xml version="1.0" encoding="UTF-8"?>
<beans xmlns="http://www.springframework.org/schema/beans"
	xmlns:xsi="http://www.w3.org/2001/XMLSchema-instance"
	xmlns:aop="http://www.springframework.org/schema/aop"
	xmlns:tx="http://www.springframework.org/schema/tx"
	xsi:schemaLocation="http://www.springframework.org/schema/beans https://www.springframework.org/schema/beans/spring-beans.xsd
		http://www.springframework.org/schema/aop http://www.springframework.org/schema/aop/spring-aop-3.1.xsd
		http://www.springframework.org/schema/tx http://www.springframework.org/schema/tx/spring-tx-3.0.xsd">
	
	<!-- DB / MYBatis -->
	<!--  DB -->
	<bean id="datasource" class="org.springframework.jdbc.datasource.DriverManagerDataSource">
		<property name="driverClassName" value="oracle.jdbc.driver.OracleDriver"/>
		<property name="url" value="jdbc:oracle:thin:@localhost:1521:xe"/>
		<property name="username" value="mvc"/>
		<property name="password" value="1234"/>
	</bean>
	
	<!-- MyBatis -->
	<bean id="sqlSessionFactoryBean" class="org.mybatis.spring.SqlSessionFactoryBean">
		<property name="dataSource" ref="datasource"/>
		<property name="mapperLocations" value="classpath:com/java/**/**/*.xml"></property>
	</bean>
	
	<bean id="sqlSessionTemplate" class="org.mybatis.spring.SqlSessionTemplate">
		<constructor-arg ref="sqlSessionFactoryBean"/>
	</bean>
	
	<!-- Transaction -->
	<bean id="transactionManager" class="org.springframework.jdbc.datasource.DataSourceTransactionManager">
		<property name="dataSource" ref="datasource"/>
	</bean>
	
	<!-- Transaction aop-->
	<tx:advice id="txAdvice" transaction-manager="transactionManager">
		<tx:attributes>
			<tx:method name="*" propagation="REQUIRED" rollback-for="Exeption"/>
		</tx:attributes>
	</tx:advice>
	<aop:config>
		<aop:pointcut expression="within(com.java..*)" id="publicT"/>
		<aop:advisor advice-ref="txAdvice" pointcut-ref="publicT"/>
	</aop:config>
</beans>
